<?xml version="1.0" encoding="UTF-8"?>
<config xmlns:root="http://project.hasor.net/hasor/schema/main" xmlns="http://project.hasor.net/hasor/schema/hasor-core">
    <!-- http://project.hasor.net/hasor/schema/main命名空间默认配置 -->
    <root:config>
        <root:hasor.loadPackages>${HASOR_LOAD_PACKAGES}</root:hasor.loadPackages>
    </root:config>
    <!-- ============================================================================ -->
    <!-- 框架配置 -->
    <hasor>
        <!-- 包扫描覆盖范围，逗号间隔 -->
        <loadPackages>net.hasor.*</loadPackages>

        <!-- 环境变量设置,如果和(系统环境变量,java环境变量,java属性)冲突那么将会放弃配置文件中配置的环境变量,并同时产生一条警告。 -->
        <environmentVar>
            <!-- 默认加载的包 -->
            <HASOR_LOAD_PACKAGES>net.*,org.*,com.*</HASOR_LOAD_PACKAGES>
            <!-- 是否加载模块 -->
            <HASOR_LOAD_MODULE>true</HASOR_LOAD_MODULE>
            <!-- 程序入口模块类名(默认为空) -->
            <HASOR_LOAD_STARTUP></HASOR_LOAD_STARTUP>
            <!-- 执行事件的线程池大小 -->
            <HASOR_LOAD_EVENT_POOL>20</HASOR_LOAD_EVENT_POOL>

            <!-- WebMVC 是否启用布局管理器 -->
            <HASOR_RESTFUL_LAYOUT>true</HASOR_RESTFUL_LAYOUT>
            <!-- WebMVC 静态资源位置 -->
            <HASOR_RESTFUL_LAYOUT_PATH_RESOUTCE>/static</HASOR_RESTFUL_LAYOUT_PATH_RESOUTCE>
            <!-- WebMVC 布局模版位置 -->
            <HASOR_RESTFUL_LAYOUT_PATH_LAYOUT>/layout</HASOR_RESTFUL_LAYOUT_PATH_LAYOUT>
            <!-- WebMVC 页面模版位置 -->
            <HASOR_RESTFUL_LAYOUT_PATH_TEMPLATES>/templates</HASOR_RESTFUL_LAYOUT_PATH_TEMPLATES>

            <!-- fileupload 允许的请求大小 -->
            <HASOR_UPLOAD_MAX_REQUEST_SIZE>-1</HASOR_UPLOAD_MAX_REQUEST_SIZE>
            <!-- fileupload 允许上传的单个文件大小 -->
            <HASOR_UPLOAD_MAX_FILE_SIZE>-1</HASOR_UPLOAD_MAX_FILE_SIZE>

            <!-- 程序目录 -->
            <RUN_PATH>./</RUN_PATH>
            <!-- 工作目录 -->
            <WORK_HOME>%USER.HOME%/hasor-work</WORK_HOME>
            <!-- 临时文件位置 -->
            <HASOR_TEMP_PATH>%WORK_HOME%/temp</HASOR_TEMP_PATH>
            <!-- 日志存放位置 -->
            <HASOR_LOG_PATH>%WORK_HOME%/log</HASOR_LOG_PATH>
            <!-- 插件目录 -->
            <HASOR_PLUGIN_PATH>%WORK_HOME%/plugins</HASOR_PLUGIN_PATH>
            <!-- 模块配置目录 -->
            <HASOR_PLUGIN_SETTINGS>%WORK_HOME%/settings</HASOR_PLUGIN_SETTINGS>
        </environmentVar>

        <!-- 默认设置 -->
        <default>
            <!-- 默认不启用单例模式 -->
            <asEagerSingleton>false</asEagerSingleton>
        </default>

        <!-- 执行事件的线程池大小 -->
        <eventThreadPoolSize>${HASOR_LOAD_EVENT_POOL}</eventThreadPoolSize>

        <!-- 程序入口模块类名 (由StartupModule插件提供) -->
        <startup>${HASOR_LOAD_STARTUP}</startup>

        <!-- 默认要装载的模块 -->
        <modules loadModule="${HASOR_LOAD_MODULE}" loadErrorShow="true">
            <module>net.hasor.web.valid.ValidWebPlugin</module>
            <module>net.hasor.web.render.RenderWebPlugin</module>

            <module>net.hasor.plugins.startup.StartupModule</module>
            <module>net.hasor.plugins.aop.AopModule</module>
            <module>net.hasor.plugins.event.EventModule</module>
        </modules>

        <!-- ApiBinder 扩展 -->
        <apiBinderSet>
            <binder type="net.hasor.web.WebApiBinder">net.hasor.web.invoker.InvokerWebApiBinderCreater</binder>
            <binder type="net.hasor.web.render.RenderApiBinder">net.hasor.web.render.RenderApiBinderCreater</binder>
        </apiBinderSet>

        <!-- Invoker 扩展 -->
        <invokerCreaterSet>
            <invokerCreater type="net.hasor.web.valid.ValidInvoker">net.hasor.web.valid.ValidInvokerCreater</invokerCreater>
            <invokerCreater type="net.hasor.web.valid.ValidErrors">net.hasor.web.valid.ValidInvokerCreater</invokerCreater>
            <invokerCreater type="net.hasor.web.render.RenderInvoker">net.hasor.web.render.RenderInvokerCreater</invokerCreater>
        </invokerCreaterSet>

        <!-- 文件上传 -->
        <fileupload>
            <!-- 上传文件缓存目录 -->
            <cacheDirectory>${HASOR_TEMP_PATH}/fragment</cacheDirectory>
            <!-- 允许的请求大小 ( -1 表示不限制)-->
            <maxRequestSize>${HASOR_UPLOAD_MAX_REQUEST_SIZE}</maxRequestSize>
            <!-- 允许上传的单个文件大小( -1 表示不限制) -->
            <maxFileSize>${HASOR_UPLOAD_MAX_FILE_SIZE}</maxFileSize>
        </fileupload>

        <!-- 渲染器 -->
        <renderSet>
            <render renderType="json">net.hasor.web.render.json.JsonRenderEngine</render>
        </renderSet>

        <!-- 布局管理 -->
        <layout enable="${HASOR_RESTFUL_LAYOUT}">
            <!-- 静态资源位置 -->
            <resourcePath>${HASOR_RESTFUL_LAYOUT_PATH_RESOUTCE}</resourcePath>
            <!-- 布局模版位置 -->
            <layoutPath>${HASOR_RESTFUL_LAYOUT_PATH_LAYOUT}</layoutPath>
            <!-- 页面模版位置 -->
            <templatePath>${HASOR_RESTFUL_LAYOUT_PATH_TEMPLATES}</templatePath>
        </layout>

    </hasor>
</config>